Wavelength,QLS-L表壤模拟物
350,9.99E-02
351,9.08E-02
352,8.86E-02
353,9.71E-02
354,9.52E-02
355,8.51E-02
356,8.45E-02
357,8.54E-02
358,8.84E-02
359,9.14E-02
360,8.61E-02
361,8.89E-02
362,9.24E-02
363,8.79E-02
364,9.07E-02
365,9.19E-02
366,9.02E-02
367,0.089786097
368,9.01E-02
369,9.01E-02
370,8.97E-02
371,9.13E-02
372,9.14E-02
373,9.07E-02
374,9.06E-02
375,9.29E-02
376,0.093700111
377,9.24E-02
378,9.11E-02
379,9.18E-02
380,9.24E-02
381,9.21E-02
382,9.31E-02
383,9.43E-02
384,9.48E-02
385,9.42E-02
386,9.40E-02
387,9.43E-02
388,9.46E-02
389,9.43E-02
390,9.50E-02
391,9.57E-02
392,9.57E-02
393,9.57E-02
394,9.54E-02
395,9.52E-02
396,9.56E-02
397,0.096084826
398,9.64E-02
399,0.09660466
400,0.096913606
401,9.68E-02
402,9.67E-02
403,9.70E-02
404,9.75E-02
405,9.75E-02
406,9.73E-02
407,9.74E-02
408,9.82E-02
409,9.87E-02
410,0.098609447
411,9.88E-02
412,9.89E-02
413,9.90E-02
414,9.91E-02
415,9.92E-02
416,9.96E-02
417,1.00E-01
418,9.99E-02
419,0.100126661
420,0.100279547
421,0.100286469
422,0.100326382
423,0.100628927
424,0.100883104
425,0.100895144
426,0.101140648
427,0.10136044
428,0.101524308
429,0.101703383
430,0.101683669
431,0.101891696
432,0.102343872
433,0.102390051
434,0.102359824
435,0.102452628
436,0.102715731
437,0.102755837
438,0.102901518
439,0.103117347
440,0.103122711
441,0.103268974
442,0.103378385
443,0.103372306
444,0.103531517
445,0.103703462
446,0.103851229
447,0.103967935
448,0.103992596
449,0.103980079
450,0.104030609
451,0.104268521
452,0.104349196
453,0.1043493
454,0.10441526
455,0.104639992
456,0.104862958
457,0.105027378
458,0.105131112
459,0.105089992
460,0.105123363
461,0.105300732
462,0.105430521
463,0.105660491
464,0.10584715
465,0.105867557
466,0.105986118
467,0.106085166
468,0.106153898
469,0.106265448
470,0.106384359
471,0.106507905
472,0.106625319
473,0.106686056
474,0.106796719
475,0.106938623
476,0.107046582
477,0.107093006
478,0.107159987
479,0.107293151
480,0.107488446
481,0.107626766
482,0.107717395
483,0.107806645
484,0.107955344
485,0.10804528
486,0.108064398
487,0.108071394
488,0.108203843
489,0.10834381
490,0.108433016
491,0.108573556
492,0.108592167
493,0.108618788
494,0.108803228
495,0.108885154
496,0.108955875
497,0.109076463
498,0.109261103
499,0.109401762
500,0.109467454
501,0.10949707
502,0.109654672
503,0.10978584
504,0.109854773
505,0.109898373
506,0.110032938
507,0.110180065
508,0.110293306
509,0.11040473
510,0.110505767
511,0.110590823
512,0.110674255
513,0.110863462
514,0.111004077
515,0.111076117
516,0.111168966
517,0.111283287
518,0.111385405
519,0.111459941
520,0.111554489
521,0.11163827
522,0.111736737
523,0.111874692
524,0.111900918
525,0.111900568
526,0.111938208
527,0.112027779
528,0.112104557
529,0.112166159
530,0.112217516
531,0.112228706
532,0.112302467
533,0.112423033
534,0.112494707
535,0.112551011
536,0.112569839
537,0.112564564
538,0.112630777
539,0.11280188
540,0.112941518
541,0.112902977
542,0.112902999
543,0.112949394
544,0.113022082
545,0.113090992
546,0.113147795
547,0.113196224
548,0.113237716
549,0.113257408
550,0.113296323
551,0.113359958
552,0.113426387
553,0.113440439
554,0.113459907
555,0.113515146
556,0.113552615
557,0.113572061
558,0.113612719
559,0.11370182
560,0.113726564
561,0.113724127
562,0.113737345
563,0.113798089
564,0.113828205
565,0.11383041
566,0.113827996
567,0.113853715
568,0.11386542
569,0.113866225
570,0.113885105
571,0.113891877
572,0.113911003
573,0.113944843
574,0.113945305
575,0.11392878
576,0.113921747
577,0.113944285
578,0.113967285
579,0.113961935
580,0.113938957
581,0.113947593
582,0.113995068
583,0.114031971
584,0.114017911
585,0.113951817
586,0.113927588
587,0.113953434
588,0.113981493
589,0.113963149
590,0.113949105
591,0.113965318
592,0.113983184
593,0.113963366
594,0.113927238
595,0.113914557
596,0.113942616
597,0.113955975
598,0.113946982
599,0.11394988
600,0.11391262
601,0.113871656
602,0.113857865
603,0.113861434
604,0.113843463
605,0.113805868
606,0.113771893
607,0.113766067
608,0.11377836
609,0.11378976
610,0.113764428
611,0.113716424
612,0.11368534
613,0.113699146
614,0.113728307
615,0.113732405
616,0.113704734
617,0.113662831
618,0.113651782
619,0.113654979
620,0.113652423
621,0.11363551
622,0.113644749
623,0.113632746
624,0.113548875
625,0.113541104
626,0.113580778
627,0.113605097
628,0.113540143
629,0.113523692
630,0.113545679
631,0.113559797
632,0.113515787
633,0.113482729
634,0.113473855
635,0.113471456
636,0.11346326
637,0.113450423
638,0.113438748
639,0.113442257
640,0.113429405
641,0.113422833
642,0.113443017
643,0.113436341
644,0.113464408
645,0.113494366
646,0.113433495
647,0.113447785
648,0.113456316
649,0.113414004
650,0.113436967
651,0.113454834
652,0.113448694
653,0.113425218
654,0.113402508
655,0.11340075
656,0.113416381
657,0.113417022
658,0.113396309
659,0.113366455
660,0.113347918
661,0.11338
662,0.113377549
663,0.113358676
664,0.113383308
665,0.113396265
666,0.113380224
667,0.113346919
668,0.113338262
669,0.113389753
670,0.11343687
671,0.113422707
672,0.113412261
673,0.113426045
674,0.113445133
675,0.113429919
676,0.113414094
677,0.113415979
678,0.113430046
679,0.113418609
680,0.113443255
681,0.11345911
682,0.113424316
683,0.113438912
684,0.113455869
685,0.113459185
686,0.113457508
687,0.113441944
688,0.113428079
689,0.113426574
690,0.113413334
691,0.113414034
692,0.113410912
693,0.113384381
694,0.113378718
695,0.113383532
696,0.113397114
697,0.113419302
698,0.113398388
699,0.113368332
700,0.113360114
701,0.113368548
702,0.113394015
703,0.113410868
704,0.113398038
705,0.113394663
706,0.11340446
707,0.113414146
708,0.113395102
709,0.113388024
710,0.113391951
711,0.113403901
712,0.113420233
713,0.113403618
714,0.113384858
715,0.11340154
716,0.113365211
717,0.113373019
718,0.113421209
719,0.113402694
720,0.113391139
721,0.113377027
722,0.113351747
723,0.113340825
724,0.113330364
725,0.113320142
726,0.113316245
727,0.113330275
728,0.113330267
729,0.113305405
730,0.113275312
731,0.113287896
732,0.113295659
733,0.113268338
734,0.11325191
735,0.113236636
736,0.113214083
737,0.113181114
738,0.113175087
739,0.113160267
740,0.113143072
741,0.113159947
742,0.113127023
743,0.113074549
744,0.113039963
745,0.113040052
746,0.113065802
747,0.113061868
748,0.112993516
749,0.112975642
750,0.112951845
751,0.11292316
752,0.11292658
753,0.112879574
754,0.112846904
755,0.112849608
756,0.112817407
757,0.112785071
758,0.112753287
759,0.112714939
760,0.11267449
761,0.11262136
762,0.112582512
763,0.112587444
764,0.112537883
765,0.112497009
766,0.112481922
767,0.112443201
768,0.112401828
769,0.112365201
770,0.112333007
771,0.112297282
772,0.112257428
773,0.112208843
774,0.112155341
775,0.112141043
776,0.112115912
777,0.11207068
778,0.112033382
779,0.11199937
780,0.11195796
781,0.111911841
782,0.11188709
783,0.111826524
784,0.111755796
785,0.11170876
786,0.111673146
787,0.111617953
788,0.111554839
789,0.111506231
790,0.111408755
791,0.111342326
792,0.111312106
793,0.111243516
794,0.111200623
795,0.111157514
796,0.111092754
797,0.1110221
798,0.110946096
799,0.110882275
800,0.110845983
801,0.110834561
802,0.110753469
803,0.110642366
804,0.110598095
805,0.110546961
806,0.110477991
807,0.110392377
808,0.110305145
809,0.110253364
810,0.110203855
811,0.110140368
812,0.110104188
813,0.110013336
814,0.109922178
815,0.109888613
816,0.109842375
817,0.109770216
818,0.109667823
819,0.10955023
820,0.10948839
821,0.109420635
822,0.109334052
823,0.109262802
824,0.109221593
825,0.10915184
826,0.109045252
827,0.108981229
828,0.108902983
829,0.108828939
830,0.108768232
831,0.108664759
832,0.108555317
833,0.108477496
834,0.108445667
835,0.108378664
836,0.108288221
837,0.108194999
838,0.108119272
839,0.108054832
840,0.107981592
841,0.107911684
842,0.107886776
843,0.107783183
844,0.107699156
845,0.107672349
846,0.10757947
847,0.107509412
848,0.107460953
849,0.107408419
850,0.107312068
851,0.107223898
852,0.107145645
853,0.107071288
854,0.107043378
855,0.106985271
856,0.106885105
857,0.10677965
858,0.106736124
859,0.106680728
860,0.106589615
861,0.106493808
862,0.106410637
863,0.106337398
864,0.106278323
865,0.1062387
866,0.106200911
867,0.106139801
868,0.106046364
869,0.105945088
870,0.1059127
871,0.105853617
872,0.10570544
873,0.105650268
874,0.105608568
875,0.105561726
876,0.105512954
877,0.105475895
878,0.10543932
879,0.105396293
880,0.105341814
881,0.10528329
882,0.105235413
883,0.10520535
884,0.105182461
885,0.105118707
886,0.105039604
887,0.10497757
888,0.104960337
889,0.10488835
890,0.104832254
891,0.104811229
892,0.104754187
893,0.104747891
894,0.104770504
895,0.104754746
896,0.104601435
897,0.104479238
898,0.104409009
899,0.104383737
900,0.104414716
901,0.104418643
902,0.104397103
903,0.104359925
904,0.104258068
905,0.10420122
906,0.10417971
907,0.104150586
908,0.104092948
909,0.104042329
910,0.103993438
911,0.103942521
912,0.103965022
913,0.10393782
914,0.103884764
915,0.103882499
916,0.103865989
917,0.103784606
918,0.103706151
919,0.103725538
920,0.103718363
921,0.103717975
922,0.103718385
923,0.103687003
924,0.103628322
925,0.103545256
926,0.103481367
927,0.10348545
928,0.103429049
929,0.103484094
930,0.103565104
931,0.103424981
932,0.103425466
933,0.103444144
934,0.103401534
935,0.103324845
936,0.103349902
937,0.103350319
938,0.103306942
939,0.103307411
940,0.103231147
941,0.103213988
942,0.103255004
943,0.103214763
944,0.10319186
945,0.103133783
946,0.103034757
947,0.102965385
948,0.103114985
949,0.103142619
950,0.102995753
951,0.102970615
952,0.103037603
953,0.103015117
954,0.102919534
955,0.102941372
956,0.102900691
957,0.102876484
958,0.102922715
959,0.103000902
960,0.102828026
961,0.102711745
962,0.102762334
963,0.10283424
964,0.102829717
965,0.102847554
966,0.102891915
967,0.102871299
968,0.102718838
969,0.102767691
970,0.102933556
971,0.102860846
972,0.102757558
973,0.102748863
974,0.102815501
975,0.102857687
976,0.102879442
977,0.102935314
978,0.103002533
979,0.102999009
980,0.102814011
981,0.102774076
982,0.102856085
983,0.102882333
984,0.102904618
985,0.102822319
986,0.102670431
987,0.10256239
988,0.10266149
989,0.102668121
990,0.102719747
991,0.102879003
992,0.102591403
993,0.102643095
994,0.102967687
995,0.103174254
996,0.102833368
997,0.102900155
998,0.102885544
999,0.102578118
1000,0.102722548
1001,0.102761075
1002,0.102773465
1003,0.102776103
1004,0.102809601
1005,0.102799483
1006,0.102766357
1007,0.102753051
1008,0.102748416
1009,0.102838635
1010,0.102927044
1011,0.102909535
1012,0.102907769
1013,0.102907591
1014,0.102904186
1015,0.10291902
1016,0.102934934
1017,0.10296087
1018,0.102951653
1019,0.102944538
1020,0.102999285
1021,0.103053093
1022,0.103091285
1023,0.103127986
1024,0.103142127
1025,0.103204705
1026,0.103255212
1027,0.103251837
1028,0.103284217
1029,0.103316963
1030,0.103359185
1031,0.103401959
1032,0.103484698
1033,0.103532664
1034,0.103526846
1035,0.10349977
1036,0.10349723
1037,0.103530966
1038,0.103562556
1039,0.103552014
1040,0.10353151
1041,0.103568107
1042,0.103589363
1043,0.103621632
1044,0.103692584
1045,0.103790551
1046,0.103781395
1047,0.103760242
1048,0.103753403
1049,0.103724353
1050,0.103712782
1051,0.103732653
1052,0.103761546
1053,0.103777416
1054,0.103818364
1055,0.103867553
1056,0.103912875
1057,0.103981733
1058,0.104021274
1059,0.104040489
1060,0.104063638
1061,0.104058266
1062,0.104058281
1063,0.104067273
1064,0.104094021
1065,0.104130507
1066,0.104126245
1067,0.104180574
1068,0.104239464
1069,0.104279168
1070,0.104352251
1071,0.10441795
1072,0.104437418
1073,0.104455121
1074,0.104480065
1075,0.104508847
1076,0.104487047
1077,0.104539163
1078,0.104607522
1079,0.1046395
1080,0.104745768
1081,0.104817614
1082,0.104804389
1083,0.104853787
1084,0.104893893
1085,0.104893453
1086,0.104923308
1087,0.105009049
1088,0.10504327
1089,0.105048798
1090,0.105066024
1091,0.105105683
1092,0.105129994
1093,0.105150156
1094,0.105189562
1095,0.105232984
1096,0.105299212
1097,0.105357692
1098,0.105439603
1099,0.105492622
1100,0.105500013
1101,0.105544925
1102,0.105602324
1103,0.105664842
1104,0.105703466
1105,0.105764531
1106,0.105790272
1107,0.10578569
1108,0.105823159
1109,0.105870031
1110,0.105916359
1111,0.105955169
1112,0.105981223
1113,0.105991229
1114,0.106011905
1115,0.106033228
1116,0.106057838
1117,0.106090702
1118,0.106101587
1119,0.106121175
1120,0.106133349
1121,0.106165513
1122,0.10621684
1123,0.106265359
1124,0.106320411
1125,0.106354386
1126,0.106358744
1127,0.106387354
1128,0.106414035
1129,0.106443696
1130,0.106500074
1131,0.106525071
1132,0.10652075
1133,0.106544934
1134,0.106579952
1135,0.106583744
1136,0.106626488
1137,0.106682926
1138,0.106718279
1139,0.10679657
1140,0.106835209
1141,0.106858589
1142,0.106881946
1143,0.106880292
1144,0.106894806
1145,0.106940396
1146,0.10695906
1147,0.106948532
1148,0.106958054
1149,0.106978551
1150,0.10696581
1151,0.106971815
1152,0.107014477
1153,0.107054181
1154,0.107091971
1155,0.107120685
1156,0.107150167
1157,0.107185476
1158,0.107233435
1159,0.107246362
1160,0.107245095
1161,0.107248522
1162,0.107212096
1163,0.1071961
1164,0.10719268
1165,0.107197993
1166,0.107224785
1167,0.107247934
1168,0.107244618
1169,0.107274272
1170,0.107271686
1171,0.107214123
1172,0.107215382
1173,0.107248783
1174,0.10725607
1175,0.107280463
1176,0.107287169
1177,0.107254773
1178,0.107255816
1179,0.107277282
1180,0.107288212
1181,0.107298844
1182,0.107327402
1183,0.107355207
1184,0.107387193
1185,0.107399411
1186,0.107410371
1187,0.107420854
1188,0.107411213
1189,0.107425615
1190,0.107466429
1191,0.107491031
1192,0.107524507
1193,0.107535116
1194,0.107516602
1195,0.107523628
1196,0.107530825
1197,0.107532412
1198,0.107528217
1199,0.107563645
1200,0.10757634
1201,0.107582077
1202,0.10759075
1203,0.107610792
1204,0.107609421
1205,0.107589252
1206,0.107590824
1207,0.107601166
1208,0.107602485
1209,0.107595392
1210,0.107607856
1211,0.107612275
1212,0.107639171
1213,0.107724346
1214,0.107764162
1215,0.107775956
1216,0.107805148
1217,0.107817657
1218,0.107800685
1219,0.107808821
1220,0.107829064
1221,0.10784132
1222,0.107855894
1223,0.107864007
1224,0.10786815
1225,0.107871592
1226,0.107854813
1227,0.107868299
1228,0.107908279
1229,0.107924238
1230,0.107950211
1231,0.107962124
1232,0.107947402
1233,0.107925355
1234,0.107933074
1235,0.107950471
1236,0.107972763
1237,0.108020447
1238,0.108039513
1239,0.108047634
1240,0.108061112
1241,0.108066946
1242,0.108077474
1243,0.108106613
1244,0.108108461
1245,0.10807237
1246,0.108074978
1247,0.108097687
1248,0.108099312
1249,0.108111851
1250,0.10812515
1251,0.108134441
1252,0.108117893
1253,0.108128741
1254,0.108158365
1255,0.108176619
1256,0.108192325
1257,0.108204171
1258,0.108206689
1259,0.108234406
1260,0.108291
1261,0.108310595
1262,0.108327962
1263,0.108343899
1264,0.108318597
1265,0.108317323
1266,0.108356714
1267,0.108369783
1268,0.10836754
1269,0.108372875
1270,0.108369812
1271,0.108347878
1272,0.108355917
1273,0.108378656
1274,0.108392879
1275,0.108420938
1276,0.108431913
1277,0.108441055
1278,0.108430654
1279,0.108392313
1280,0.108373679
1281,0.108343497
1282,0.108326763
1283,0.108336784
1284,0.10832759
1285,0.108297817
1286,0.108282283
1287,0.108266219
1288,0.108249679
1289,0.108251944
1290,0.108263008
1291,0.108287066
1292,0.108323596
1293,0.108355232
1294,0.108400881
1295,0.108430229
1296,0.108450517
1297,0.108468898
1298,0.108486362
1299,0.108495705
1300,0.108490855
1301,0.108497456
1302,0.10851004
1303,0.108515888
1304,0.108509377
1305,0.108526275
1306,0.108570077
1307,0.108590052
1308,0.108606607
1309,0.10863515
1310,0.108654536
1311,0.108647116
1312,0.108658209
1313,0.108689725
1314,0.108707383
1315,0.10871312
1316,0.10871885
1317,0.108706467
1318,0.108734362
1319,0.108802542
1320,0.108825319
1321,0.108844474
1322,0.108870089
1323,0.108865105
1324,0.108871818
1325,0.108903468
1326,0.108930394
1327,0.108948641
1328,0.108964205
1329,0.108971171
1330,0.108980514
1331,0.108995989
1332,0.109000139
1333,0.109011017
1334,0.109041102
1335,0.109047428
1336,0.109027132
1337,0.109028824
1338,0.109044723
1339,0.109050088
1340,0.109052949
1341,0.109063171
1342,0.109064139
1343,0.109070964
1344,0.109100252
1345,0.10911078
1346,0.109103084
1347,0.109104455
1348,0.109098487
1349,0.109106146
1350,0.109105982
1351,0.109114461
1352,0.109107494
1353,0.109075971
1354,0.109083407
1355,0.109105647
1356,0.109119385
1357,0.109159805
1358,0.109176047
1359,0.10917566
1360,0.109175809
1361,0.109179005
1362,0.109164715
1363,0.109122135
1364,0.109103382
1365,0.109089091
1366,0.109076083
1367,0.109089606
1368,0.109079666
1369,0.109051049
1370,0.109027267
1371,0.109003074
1372,0.108956888
1373,0.108941652
1374,0.108949177
1375,0.108916879
1376,0.10887146
1377,0.108839639
1378,0.108786285
1379,0.108749263
1380,0.108735755
1381,0.108713418
1382,0.108678207
1383,0.10865768
1384,0.108651474
1385,0.108646445
1386,0.108648896
1387,0.108645752
1388,0.108662911
1389,0.108646072
1390,0.108589359
1391,0.108562082
1392,0.108525872
1393,0.108503871
1394,0.108505368
1395,0.108512379
1396,0.108531557
1397,0.108530886
1398,0.108566426
1399,0.108637899
1400,0.108673871
1401,0.108711094
1402,0.108738482
1403,0.10874591
1404,0.10876371
1405,0.108777553
1406,0.108808711
1407,0.108845107
1408,0.108876005
1409,0.108926244
1410,0.108959235
1411,0.10897433
1412,0.108998731
1413,0.109030746
1414,0.109054387
1415,0.109067164
1416,0.109088324
1417,0.109102644
1418,0.109114915
1419,0.10912887
1420,0.109154694
1421,0.10914126
1422,0.109156087
1423,0.1091775
1424,0.109181397
1425,0.109199971
1426,0.10923139
1427,0.10925246
1428,0.109272584
1429,0.109291434
1430,0.109300524
1431,0.109324805
1432,0.109365419
1433,0.109380044
1434,0.109396808
1435,0.109399006
1436,0.109355099
1437,0.109349787
1438,0.109368831
1439,0.109379254
1440,0.10942322
1441,0.10943266
1442,0.10940405
1443,0.109398343
1444,0.109383702
1445,0.109382592
1446,0.109418295
1447,0.109427281
1448,0.109412059
1449,0.109424427
1450,0.109419435
1451,0.109399378
1452,0.109395146
1453,0.109392315
1454,0.109405838
1455,0.109436288
1456,0.109453999
1457,0.109488681
1458,0.109492622
1459,0.109467328
1460,0.109467506
1461,0.109461926
1462,0.109472103
1463,0.109505229
1464,0.109518491
1465,0.109528758
1466,0.109536849
1467,0.109528907
1468,0.109539323
1469,0.109564558
1470,0.109571621
1471,0.109574698
1472,0.109573595
1473,0.109561279
1474,0.109542713
1475,0.1095092
1476,0.10949567
1477,0.109491639
1478,0.109484114
1479,0.109495297
1480,0.1095002
1481,0.10950654
1482,0.10950429
1483,0.109509602
1484,0.109531358
1485,0.10954015
1486,0.109546363
1487,0.109556518
1488,0.109568633
1489,0.109576322
1490,0.109582894
1491,0.109586507
1492,0.109591879
1493,0.10958761
1494,0.109579213
1495,0.10957399
1496,0.109555863
1497,0.109553918
1498,0.109570995
1499,0.109570891
1500,0.109570473
1501,0.10956385
1502,0.109527826
1503,0.109525874
1504,0.109542042
1505,0.109551027
1506,0.109581888
1507,0.109595329
1508,0.10960196
1509,0.109601378
1510,0.109593406
1511,0.109583721
1512,0.109554633
1513,0.109540083
1514,0.109533697
1515,0.10952989
1516,0.109537385
1517,0.109541118
1518,0.109545805
1519,0.109543972
1520,0.109544523
1521,0.109551035
1522,0.109544188
1523,0.109534413
1524,0.109517045
1525,0.109488346
1526,0.109464735
1527,0.109436966
1528,0.109418876
1529,0.109400824
1530,0.109392561
1531,0.109394863
1532,0.10938745
1533,0.109379582
1534,0.109373719
1535,0.109360851
1536,0.109362088
1537,0.109368779
1538,0.109382138
1539,0.109420329
1540,0.109424509
1541,0.109413125
1542,0.109412104
1543,0.109386668
1544,0.1093852
1545,0.109415568
1546,0.109425202
1547,0.10943345
1548,0.109436616
1549,0.109432809
1550,0.109425433
1551,0.10940928
1552,0.109396324
1553,0.109386824
1554,0.109369427
1555,0.109346069
1556,0.109328397
1557,0.109296575
1558,0.109285101
1559,0.109296307
1560,0.109300636
1561,0.109318189
1562,0.109323926
1563,0.109325409
1564,0.109316282
1565,0.109287664
1566,0.109269924
1567,0.109242551
1568,0.109226055
1569,0.109220788
1570,0.109239846
1571,0.109220572
1572,0.109195918
1573,0.109168254
1574,0.109106973
1575,0.109101564
1576,0.109130904
1577,0.109128021
1578,0.10913986
1579,0.109127611
1580,0.109082408
1581,0.109059855
1582,0.109035946
1583,0.109031953
1584,0.109047748
1585,0.109043971
1586,0.109042563
1587,0.109047592
1588,0.109038681
1589,0.109045543
1590,0.109084807
1591,0.109085068
1592,0.109063976
1593,0.109051436
1594,0.109028131
1595,0.109004192
1596,0.108987719
1597,0.108961888
1598,0.108910806
1599,0.108890161
1600,0.108887434
1601,0.108878128
1602,0.108884268
1603,0.108877726
1604,0.108862743
1605,0.108845532
1606,0.108819693
1607,0.108802684
1608,0.108779535
1609,0.108771108
1610,0.108775824
1611,0.108786412
1612,0.108823344
1613,0.108826026
1614,0.108810514
1615,0.108799942
1616,0.108760566
1617,0.108750865
1618,0.108773306
1619,0.108786844
1620,0.10881196
1621,0.108822383
1622,0.10883531
1623,0.108824059
1624,0.10877753
1625,0.108753391
1626,0.108728729
1627,0.10870298
1628,0.108687744
1629,0.108669981
1630,0.108645208
1631,0.108621344
1632,0.108588822
1633,0.10857632
1634,0.108589314
1635,0.108580671
1636,0.108583897
1637,0.108573824
1638,0.108516052
1639,0.108496986
1640,0.108509965
1641,0.108510949
1642,0.108545102
1643,0.108547412
1644,0.108496137
1645,0.108483516
1646,0.108487055
1647,0.108471952
1648,0.108469367
1649,0.108469971
1650,0.108430877
1651,0.108410053
1652,0.108410172
1653,0.108404256
1654,0.108405821
1655,0.108424507
1656,0.108436905
1657,0.108435303
1658,0.10843198
1659,0.108421311
1660,0.108380809
1661,0.108377218
1662,0.108417027
1663,0.108408213
1664,0.108402826
1665,0.10842406
1666,0.108384565
1667,0.108344957
1668,0.108353823
1669,0.108334869
1670,0.108316854
1671,0.108329535
1672,0.108324334
1673,0.108304285
1674,0.108281687
1675,0.108255804
1676,0.108247474
1677,0.108222134
1678,0.108193003
1679,0.108202711
1680,0.108170338
1681,0.108169608
1682,0.108193234
1683,0.108167991
1684,0.108167574
1685,0.108139813
1686,0.108075395
1687,0.108044058
1688,0.108025603
1689,0.108023994
1690,0.108025745
1691,0.108020552
1692,0.108005643
1693,0.107993975
1694,0.108035624
1695,0.10805124
1696,0.108047053
1697,0.108038381
1698,0.107984759
1699,0.107957758
1700,0.107945308
1701,0.107944883
1702,0.107978836
1703,0.10798911
1704,0.107965887
1705,0.107953377
1706,0.107972696
1707,0.107982635
1708,0.107996181
1709,0.108019672
1710,0.107995763
1711,0.107970349
1712,0.107963696
1713,0.107950129
1714,0.107958898
1715,0.10795626
1716,0.107938662
1717,0.107917689
1718,0.107871123
1719,0.107842833
1720,0.107853979
1721,0.107857652
1722,0.107868209
1723,0.107875414
1724,0.107867636
1725,0.107857391
1726,0.107826397
1727,0.107794873
1728,0.107767753
1729,0.107757643
1730,0.107761562
1731,0.107753582
1732,0.107725188
1733,0.107682705
1734,0.107672662
1735,0.107659787
1736,0.107686371
1737,0.107668392
1738,0.10760089
1739,0.107568115
1740,0.107507139
1741,0.107487455
1742,0.107543103
1743,0.107538074
1744,0.107512675
1745,0.107505694
1746,0.107470632
1747,0.107454516
1748,0.107480474
1749,0.107467383
1750,0.107404761
1751,0.107398748
1752,0.107417829
1753,0.107424259
1754,0.107484803
1755,0.107481651
1756,0.107399754
1757,0.107379004
1758,0.107383721
1759,0.107373409
1760,0.107391782
1761,0.107365839
1762,0.107273176
1763,0.107233301
1764,0.107214637
1765,0.107268944
1766,0.10730169
1767,0.107310213
1768,0.107274018
1769,0.107200563
1770,0.107124269
1771,0.10706903
1772,0.107074231
1773,0.107112981
1774,0.107139386
1775,0.107144788
1776,0.107115529
1777,0.107060075
1778,0.107001446
1779,0.106983423
1780,0.106999926
1781,0.106988654
1782,0.10700798
1783,0.107043967
1784,0.107009858
1785,0.106953837
1786,0.106923252
1787,0.106912598
1788,0.106889412
1789,0.106886931
1790,0.106912956
1791,0.106907703
1792,0.106890477
1793,0.106915638
1794,0.106928699
1795,0.106904015
1796,0.106934041
1797,0.106947146
1798,0.106890567
1799,0.106833503
1800,0.106784165
1801,0.106936805
1802,0.106923074
1803,0.106883675
1804,0.106852598
1805,0.106793277
1806,0.106771804
1807,0.106761575
1808,0.106753923
1809,0.10679388
1810,0.106789149
1811,0.106773376
1812,0.106742486
1813,0.106723107
1814,0.106680244
1815,0.106662437
1816,0.106664069
1817,0.10666097
1818,0.106663488
1819,0.106669396
1820,0.106672108
1821,0.106658727
1822,0.106633693
1823,0.10656894
1824,0.106553361
1825,0.106571488
1826,0.106556877
1827,0.106539376
1828,0.106534325
1829,0.106501862
1830,0.106475197
1831,0.106471069
1832,0.106487148
1833,0.106490299
1834,0.106495
1835,0.106501825
1836,0.106534682
1837,0.106537871
1838,0.106528677
1839,0.106511407
1840,0.106478684
1841,0.10643176
1842,0.106402963
1843,0.106367975
1844,0.106355414
1845,0.10635595
1846,0.106373653
1847,0.106402405
1848,0.106446572
1849,0.106511474
1850,0.10655994
1851,0.106555827
1852,0.106581405
1853,0.106593028
1854,0.106552243
1855,0.106555842
1856,0.10660027
1857,0.106626287
1858,0.106638044
1859,0.106644839
1860,0.10662812
1861,0.106612548
1862,0.106623322
1863,0.106651738
1864,0.106665395
1865,0.106675394
1866,0.106683157
1867,0.106684819
1868,0.106687918
1869,0.106680341
1870,0.106675833
1871,0.106629096
1872,0.106600896
1873,0.106573977
1874,0.106535144
1875,0.106512301
1876,0.106518142
1877,0.106473006
1878,0.106466793
1879,0.106500939
1880,0.106464393
1881,0.10643997
1882,0.106378131
1883,0.106278025
1884,0.106252633
1885,0.106282018
1886,0.106287569
1887,0.106323294
1888,0.106376566
1889,0.106362678
1890,0.106337704
1891,0.106322058
1892,0.106317781
1893,0.106327362
1894,0.106338933
1895,0.106334619
1896,0.10632851
1897,0.106278867
1898,0.106248289
1899,0.106230825
1900,0.106201194
1901,0.106206
1902,0.106188431
1903,0.106182985
1904,0.106199697
1905,0.106171064
1906,0.106163807
1907,0.106170334
1908,0.106169768
1909,0.106148519
1910,0.106167391
1911,0.106170796
1912,0.106128171
1913,0.106110781
1914,0.106114134
1915,0.106107496
1916,0.106137387
1917,0.106155597
1918,0.106175892
1919,0.106187195
1920,0.106215745
1921,0.106215149
1922,0.106192812
1923,0.106192119
1924,0.106184207
1925,0.106170587
1926,0.106195226
1927,0.106222868
1928,0.106236696
1929,0.106249481
1930,0.106272534
1931,0.10628628
1932,0.10624744
1933,0.106205799
1934,0.106187508
1935,0.106166802
1936,0.106192484
1937,0.106251486
1938,0.10626328
1939,0.106257215
1940,0.106271029
1941,0.106297463
1942,0.106273785
1943,0.106250487
1944,0.106239922
1945,0.106179282
1946,0.1061389
1947,0.10611584
1948,0.106095798
1949,0.106081672
1950,0.106038868
1951,0.106042333
1952,0.106072389
1953,0.106119335
1954,0.10616944
1955,0.106242828
1956,0.106258325
1957,0.106254876
1958,0.106249489
1959,0.106206998
1960,0.106206208
1961,0.106212765
1962,0.106214546
1963,0.106239572
1964,0.106258169
1965,0.106270984
1966,0.106243387
1967,0.106264748
1968,0.106261872
1969,0.106244572
1970,0.106255926
1971,0.1062591
1972,0.106256165
1973,0.106258206
1974,0.106262833
1975,0.106269583
1976,0.106289119
1977,0.106286071
1978,0.106261469
1979,0.106261767
1980,0.106231518
1981,0.106214054
1982,0.106225796
1983,0.106256522
1984,0.106316723
1985,0.106352255
1986,0.106373817
1987,0.10637483
1988,0.106400363
1989,0.106422372
1990,0.106439136
1991,0.106486939
1992,0.106503434
1993,0.106468298
1994,0.106464073
1995,0.106446303
1996,0.106454223
1997,0.106467463
1998,0.106514312
1999,0.106527761
2000,0.106522337
2001,0.106532514
2002,0.106537126
2003,0.106570378
2004,0.106600016
2005,0.10664352
2006,0.106650382
2007,0.106640682
2008,0.106667712
2009,0.10665267
2010,0.106648251
2011,0.10664513
2012,0.106655777
2013,0.106653467
2014,0.106683828
2015,0.106762253
2016,0.106815733
2017,0.106857203
2018,0.106898986
2019,0.106903523
2020,0.106889687
2021,0.106864169
2022,0.106860459
2023,0.106884874
2024,0.106955782
2025,0.106986664
2026,0.107025824
2027,0.107049584
2028,0.107067257
2029,0.107044898
2030,0.107046604
2031,0.107072376
2032,0.107097685
2033,0.107149683
2034,0.107192002
2035,0.107221901
2036,0.107218489
2037,0.107149094
2038,0.107121669
2039,0.107084088
2040,0.107076816
2041,0.10708905
2042,0.107103258
2043,0.107155181
2044,0.107188582
2045,0.10720288
2046,0.107263178
2047,0.107327022
2048,0.107382551
2049,0.107395329
2050,0.107392095
2051,0.107372612
2052,0.107257895
2053,0.107235111
2054,0.107273869
2055,0.107304893
2056,0.107367106
2057,0.107430562
2058,0.107467607
2059,0.107466683
2060,0.107470751
2061,0.107500799
2062,0.107525945
2063,0.107509062
2064,0.107525297
2065,0.107550673
2066,0.107553177
2067,0.107556559
2068,0.107577153
2069,0.107571803
2070,0.107590102
2071,0.107631095
2072,0.107674271
2073,0.107735515
2074,0.107762277
2075,0.107780352
2076,0.107808627
2077,0.107791156
2078,0.107781939
2079,0.107780546
2080,0.107774176
2081,0.107777894
2082,0.107803211
2083,0.107808128
2084,0.107775569
2085,0.107788764
2086,0.107834175
2087,0.107877925
2088,0.107903667
2089,0.107930779
2090,0.107887916
2091,0.107833669
2092,0.10783805
2093,0.107893914
2094,0.107931748
2095,0.107992604
2096,0.108034573
2097,0.108078755
2098,0.108096533
2099,0.108102798
2100,0.108099297
2101,0.108065687
2102,0.108034
2103,0.108018287
2104,0.108040787
2105,0.108016036
2106,0.108016312
2107,0.108047381
2108,0.108062848
2109,0.108078301
2110,0.108112052
2111,0.108137503
2112,0.108128607
2113,0.108142734
2114,0.108184665
2115,0.10822618
2116,0.108270273
2117,0.108313672
2118,0.108337902
2119,0.108351894
2120,0.108339876
2121,0.108300939
2122,0.108314149
2123,0.108326674
2124,0.108340584
2125,0.108416058
2126,0.10845083
2127,0.10847792
2128,0.108516857
2129,0.108529903
2130,0.108557455
2131,0.108652435
2132,0.108661786
2133,0.108591251
2134,0.108612694
2135,0.108626336
2136,0.108547308
2137,0.108566493
2138,0.108597159
2139,0.108593673
2140,0.108650185
2141,0.108669162
2142,0.108665243
2143,0.108674601
2144,0.108667888
2145,0.108654276
2146,0.108655803
2147,0.108639993
2148,0.108586557
2149,0.108554222
2150,0.108520098
2151,0.108503379
2152,0.108509898
2153,0.108487114
2154,0.10845416
2155,0.10846249
2156,0.108394168
2157,0.108311146
2158,0.108239815
2159,0.108121075
2160,0.108073741
2161,0.108081669
2162,0.108044118
2163,0.108030073
2164,0.10801369
2165,0.10795854
2166,0.107919589
2167,0.107916981
2168,0.107878037
2169,0.107782975
2170,0.107720025
2171,0.107655242
2172,0.107621707
2173,0.107581027
2174,0.107594982
2175,0.107630722
2176,0.107620515
2177,0.107647963
2178,0.107693918
2179,0.107667752
2180,0.107663095
2181,0.10764996
2182,0.107622445
2183,0.107573837
2184,0.107509501
2185,0.107475966
2186,0.107431792
2187,0.107417814
2188,0.107490599
2189,0.107464649
2190,0.107400745
2191,0.107280418
2192,0.107138097
2193,0.107084282
2194,0.107164137
2195,0.107257649
2196,0.10729681
2197,0.107261159
2198,0.107135035
2199,0.107015826
2200,0.106955186
2201,0.106953375
2202,0.106941424
2203,0.106947929
2204,0.106946409
2205,0.106938332
2206,0.106940769
2207,0.106958359
2208,0.106973954
2209,0.107016712
2210,0.107019104
2211,0.107012168
2212,0.106957011
2213,0.106911577
2214,0.106878176
2215,0.106873117
2216,0.106880531
2217,0.106896043
2218,0.106892779
2219,0.106866486
2220,0.106851727
2221,0.106882907
2222,0.106914848
2223,0.106931016
2224,0.106980488
2225,0.107003212
2226,0.107016623
2227,0.106991887
2228,0.106936432
2229,0.106913693
2230,0.106898136
2231,0.106823742
2232,0.106731653
2233,0.106670789
2234,0.106509358
2235,0.106473729
2236,0.106533557
2237,0.106637292
2238,0.106749669
2239,0.106806234
2240,0.106797256
2241,0.106739044
2242,0.106597148
2243,0.106502809
2244,0.106504463
2245,0.106519409
2246,0.106475584
2247,0.106466502
2248,0.106493227
2249,0.106394112
2250,0.106336154
2251,0.106362589
2252,0.106369562
2253,0.106332347
2254,0.10637033
2255,0.106477089
2256,0.106548838
2257,0.106644712
2258,0.106696151
2259,0.106761225
2260,0.106764734
2261,0.106671177
2262,0.106644996
2263,0.106605239
2264,0.106570624
2265,0.106541365
2266,0.106576078
2267,0.106595084
2268,0.106590778
2269,0.106617518
2270,0.106680632
2271,0.106730856
2272,0.106775835
2273,0.106775142
2274,0.106739074
2275,0.106733099
2276,0.106724195
2277,0.106744736
2278,0.106789872
2279,0.106686532
2280,0.106576987
2281,0.10660287
2282,0.106553115
2283,0.106534064
2284,0.106629699
2285,0.106607482
2286,0.106471702
2287,0.106420338
2288,0.106371477
2289,0.10635484
2290,0.106375016
2291,0.106397599
2292,0.106447667
2293,0.106448226
2294,0.106468834
2295,0.10645052
2296,0.1063594
2297,0.106314875
2298,0.10628631
2299,0.106205776
2300,0.106181987
2301,0.106191009
2302,0.106130794
2303,0.10617739
2304,0.106299743
2305,0.106321082
2306,0.106320992
2307,0.106296822
2308,0.106193602
2309,0.106060781
2310,0.106008165
2311,0.10597457
2312,0.105860174
2313,0.105842017
2314,0.105794832
2315,0.105776861
2316,0.105859399
2317,0.105750218
2318,0.105710231
2319,0.105765514
2320,0.105775721
2321,0.105896458
2322,0.105983555
2323,0.105940245
2324,0.10583777
2325,0.105743758
2326,0.105759069
2327,0.105850078
2328,0.105939344
2329,0.106161915
2330,0.106223874
2331,0.1061766
2332,0.106155477
2333,0.106074862
2334,0.106087036
2335,0.106151856
2336,0.106203586
2337,0.106253304
2338,0.106274784
2339,0.10630396
2340,0.10636799
2341,0.106491171
2342,0.106567211
2343,0.106586985
2344,0.106612459
2345,0.10662695
2346,0.106622882
2347,0.106595963
2348,0.106660664
2349,0.106750317
2350,0.106839202
2351,0.106936596
2352,0.107036151
2353,0.107080713
2354,0.107033148
2355,0.107002161
2356,0.106987707
2357,0.107007489
2358,0.106999092
2359,0.107045926
2360,0.107154839
2361,0.107217617
2362,0.107241541
2363,0.10729634
2364,0.107450873
2365,0.107424401
2366,0.107379511
2367,0.107385822
2368,0.107202232
2369,0.107208088
2370,0.107311875
2371,0.107301101
2372,0.107357644
2373,0.107326351
2374,0.107291482
2375,0.107322916
2376,0.10724739
2377,0.107099585
2378,0.106981002
2379,0.107010685
2380,0.10709928
2381,0.107074827
2382,0.106981479
2383,0.106867075
2384,0.106875606
2385,0.106965229
2386,0.10706991
2387,0.10728699
2388,0.107346147
2389,0.10738422
2390,0.107523575
2391,0.107425079
2392,0.107221015
2393,0.107177272
2394,0.107212856
2395,0.107176922
2396,0.107362881
2397,0.107699245
2398,0.107771836
2399,0.107896164
2400,0.107950658
2401,0.107656106
2402,0.107450217
2403,0.107303716
2404,0.107247204
2405,0.107404329
2406,0.107727394
2407,0.10816706
2408,0.108415388
2409,0.108390205
2410,0.108104803
2411,0.107810259
2412,0.107677326
2413,0.107684001
2414,0.108053602
2415,0.108551778
2416,0.108656444
2417,0.108478561
2418,0.108456433
2419,0.108368322
2420,0.108201757
2421,0.108342484
2422,0.108349569
2423,0.108133502
2424,0.108096518
2425,0.10822425
2426,0.108244203
2427,0.108239576
2428,0.108569816
2429,0.108753085
2430,0.108607002
2431,0.108683743
2432,0.108618014
2433,0.108608276
2434,0.109044462
2435,0.109264217
2436,0.109187081
2437,0.109039634
2438,0.10885103
2439,0.10842324
2440,0.108257048
2441,0.108393528
2442,0.108224325
2443,0.108300574
2444,0.108580671
2445,0.108621135
2446,0.108758986
2447,0.109020203
2448,0.109085359
2449,0.10912703
2450,0.109075122
2451,0.108981818
2452,0.10901361
2453,0.108456403
2454,0.108459346
2455,0.108867325
2456,0.108704686
2457,0.108563326
2458,0.108416162
2459,0.107817702
2460,0.10770721
2461,0.107906796
2462,0.10812398
2463,0.108564831
2464,0.108446881
2465,0.108159661
2466,0.108284928
2467,0.10814473
2468,0.108272292
2469,0.108935155
2470,0.109245569
2471,0.109482557
2472,0.109351352
2473,0.109112047
2474,0.108716413
2475,0.108176574
2476,0.108158886
2477,0.107901514
2478,0.107326798
2479,0.107287221
2480,0.10772875
2481,0.108082235
2482,0.108182013
2483,0.108377121
2484,0.108199045
2485,0.10767296
2486,0.107765242
2487,0.107749678
2488,0.107421532
2489,0.107686266
2490,0.108202018
2491,0.108441547
2492,0.108663186
2493,0.108622715
2494,0.108151473
2495,0.107800871
2496,0.107679993
2497,0.107684478
2498,0.107738771
2499,0.107844971
2500,0.107826382
